areacd,areanm,period,value
E06000001,Hartlepool,2024-04-01,4.78
E06000002,Middlesbrough,2024-04-01,4.73
E06000003,Redcar and Cleveland,2024-04-01,5.39
E06000004,Stockton-on-Tees,2024-04-01,5.1
E06000005,Darlington,2024-04-01,4.94
E06000006,Halton,2024-04-01,5.06
E06000007,Warrington,2024-04-01,6.71
E06000008,Blackburn with Darwen,2024-04-01,5.47
E06000009,Blackpool,2024-04-01,4.26
E06000010,"Kingston upon Hull, City of",2024-04-01,4.39
E06000011,East Riding of Yorkshire,2024-04-01,6.14
E06000012,North East Lincolnshire,2024-04-01,4.64
E06000013,North Lincolnshire,2024-04-01,4.91
E06000014,York,2024-04-01,8.53
E06000015,Derby,2024-04-01,6
E06000016,Leicester,2024-04-01,7.95
E06000017,Rutland,2024-04-01,8.86
E06000018,Nottingham,2024-04-01,6.34
E06000019,"Herefordshire, County of",2024-04-01,8.72
E06000020,Telford and Wrekin,2024-04-01,6.7
E06000021,Stoke-on-Trent,2024-04-01,4.9
E06000022,Bath and North East Somerset,2024-04-01,9.92
E06000023,"Bristol, City of",2024-04-01,8.6
E06000024,North Somerset,2024-04-01,8.29
E06000025,South Gloucestershire,2024-04-01,8.66
E06000026,Plymouth,2024-04-01,6.39
E06000027,Torbay,2024-04-01,8.22
E06000030,Swindon,2024-04-01,7.24
E06000031,Peterborough,2024-04-01,6.91
E06000032,Luton,2024-04-01,9.05
E06000033,Southend-on-Sea,2024-04-01,7.72
E06000034,Thurrock,2024-04-01,8.72
E06000035,Medway,2024-04-01,7.96
E06000036,Bracknell Forest,2024-04-01,9.55
E06000037,West Berkshire,2024-04-01,8.96
E06000038,Reading,2024-04-01,8.45
E06000039,Slough,2024-04-01,9.95
E06000040,Windsor and Maidenhead,2024-04-01,11.18
E06000041,Wokingham,2024-04-01,10.57
E06000042,Milton Keynes,2024-04-01,8.78
E06000043,Brighton and Hove,2024-04-01,10.68
E06000044,Portsmouth,2024-04-01,7.26
E06000045,Southampton,2024-04-01,7.23
E06000046,Isle of Wight,2024-04-01,7.52
E06000047,County Durham,2024-04-01,4.23
E06000049,Cheshire East,2024-04-01,7.71
E06000050,Cheshire West and Chester,2024-04-01,6.48
E06000051,Shropshire,2024-04-01,7.4
E06000052,Cornwall,2024-04-01,8.43
E06000054,Wiltshire,2024-04-01,8.65
E06000055,Bedford,2024-04-01,8.48
E06000056,Central Bedfordshire,2024-04-01,8.6
E06000057,Northumberland,2024-04-01,5.83
E06000058,"Bournemouth, Christchurch and Poole",2024-04-01,9.34
E06000059,Dorset,2024-04-01,9.91
E06000060,Buckinghamshire,2024-04-01,10.39
E06000061,North Northamptonshire,2024-04-01,7.14
E06000062,West Northamptonshire,2024-04-01,7.94
E06000063,Cumberland,2024-04-01,4.49
E06000064,Westmorland and Furness,2024-04-01,5.9
E06000065,North Yorkshire,2024-04-01,7.47
E06000066,Somerset,2024-04-01,7.88
E07000008,Cambridge,2024-04-01,10.98
E07000009,East Cambridgeshire,2024-04-01,9.5
E07000010,Fenland,2024-04-01,6.71
E07000011,Huntingdonshire,2024-04-01,8.63
E07000012,South Cambridgeshire,2024-04-01,10
E07000032,Amber Valley,2024-04-01,6.57
E07000033,Bolsover,2024-04-01,5.65
E07000034,Chesterfield,2024-04-01,5.81
E07000035,Derbyshire Dales,2024-04-01,8.05
E07000036,Erewash,2024-04-01,5.91
E07000037,High Peak,2024-04-01,7.6
E07000038,North East Derbyshire,2024-04-01,6.89
E07000039,South Derbyshire,2024-04-01,6.75
E07000040,East Devon,2024-04-01,8.63
E07000041,Exeter,2024-04-01,8.46
E07000042,Mid Devon,2024-04-01,8.07
E07000043,North Devon,2024-04-01,9.2
E07000044,South Hams,2024-04-01,10.27
E07000045,Teignbridge,2024-04-01,9.23
E07000046,Torridge,2024-04-01,8.74
E07000047,West Devon,2024-04-01,8.76
E07000061,Eastbourne,2024-04-01,7.81
E07000062,Hastings,2024-04-01,8.42
E07000063,Lewes,2024-04-01,10.94
E07000064,Rother,2024-04-01,10.33
E07000065,Wealden,2024-04-01,10.51
E07000066,Basildon,2024-04-01,8.47
E07000067,Braintree,2024-04-01,8.56
E07000068,Brentwood,2024-04-01,9.79
E07000069,Castle Point,2024-04-01,8.84
E07000070,Chelmsford,2024-04-01,9.8
E07000071,Colchester,2024-04-01,8.36
E07000072,Epping Forest,2024-04-01,10.6
E07000073,Harlow,2024-04-01,9.1
E07000074,Maldon,2024-04-01,10.22
E07000075,Rochford,2024-04-01,8.85
E07000076,Tendring,2024-04-01,7.65
E07000077,Uttlesford,2024-04-01,9.8
E07000078,Cheltenham,2024-04-01,8.12
E07000079,Cotswold,2024-04-01,10.94
E07000080,Forest of Dean,2024-04-01,7.47
E07000081,Gloucester,2024-04-01,7.26
E07000082,Stroud,2024-04-01,9.45
E07000083,Tewkesbury,2024-04-01,8.82
E07000084,Basingstoke and Deane,2024-04-01,8.55
E07000085,East Hampshire,2024-04-01,10
E07000086,Eastleigh,2024-04-01,8.51
E07000087,Fareham,2024-04-01,8.16
E07000088,Gosport,2024-04-01,6.95
E07000089,Hart,2024-04-01,9.58
E07000090,Havant,2024-04-01,8.65
E07000091,New Forest,2024-04-01,10.58
E07000092,Rushmoor,2024-04-01,8.95
E07000093,Test Valley,2024-04-01,9.03
E07000094,Winchester,2024-04-01,10.29
E07000095,Broxbourne,2024-04-01,10.23
E07000096,Dacorum,2024-04-01,10.94
E07000098,Hertsmere,2024-04-01,12.4
E07000099,North Hertfordshire,2024-04-01,9.14
E07000102,Three Rivers,2024-04-01,11.55
E07000103,Watford,2024-04-01,9.58
E07000105,Ashford,2024-04-01,9.72
E07000106,Canterbury,2024-04-01,9.59
E07000107,Dartford,2024-04-01,8.24
E07000108,Dover,2024-04-01,7.49
E07000109,Gravesham,2024-04-01,9.21
E07000110,Maidstone,2024-04-01,9.74
E07000111,Sevenoaks,2024-04-01,10.41
E07000112,Folkestone and Hythe,2024-04-01,8.52
E07000113,Swale,2024-04-01,8.02
E07000114,Thanet,2024-04-01,7.91
E07000115,Tonbridge and Malling,2024-04-01,10.36
E07000116,Tunbridge Wells,2024-04-01,9.71
E07000117,Burnley,2024-04-01,3.93
E07000118,Chorley,2024-04-01,5.59
E07000119,Fylde,2024-04-01,6.29
E07000120,Hyndburn,2024-04-01,4.23
E07000121,Lancaster,2024-04-01,5.93
E07000122,Pendle,2024-04-01,4.79
E07000123,Preston,2024-04-01,5.52
E07000124,Ribble Valley,2024-04-01,6.66
E07000125,Rossendale,2024-04-01,5.54
E07000126,South Ribble,2024-04-01,5.41
E07000127,West Lancashire,2024-04-01,6.51
E07000128,Wyre,2024-04-01,5.36
E07000129,Blaby,2024-04-01,7.6
E07000130,Charnwood,2024-04-01,7.1
E07000131,Harborough,2024-04-01,8.52
E07000132,Hinckley and Bosworth,2024-04-01,7.86
E07000133,Melton,2024-04-01,8.92
E07000134,North West Leicestershire,2024-04-01,7.05
E07000135,Oadby and Wigston,2024-04-01,8.32
E07000136,Boston,2024-04-01,6.8
E07000137,East Lindsey,2024-04-01,6.93
E07000138,Lincoln,2024-04-01,5.39
E07000139,North Kesteven,2024-04-01,6.26
E07000140,South Holland,2024-04-01,7.12
E07000141,South Kesteven,2024-04-01,7.37
E07000142,West Lindsey,2024-04-01,6.45
E07000143,Breckland,2024-04-01,8.31
E07000144,Broadland,2024-04-01,7.95
E07000145,Great Yarmouth,2024-04-01,6.66
E07000146,King's Lynn and West Norfolk,2024-04-01,7.49
E07000147,North Norfolk,2024-04-01,10
E07000148,Norwich,2024-04-01,6.72
E07000149,South Norfolk,2024-04-01,8.08
E07000170,Ashfield,2024-04-01,6.09
E07000171,Bassetlaw,2024-04-01,6.08
E07000172,Broxtowe,2024-04-01,6.46
E07000173,Gedling,2024-04-01,7.18
E07000174,Mansfield,2024-04-01,5.61
E07000175,Newark and Sherwood,2024-04-01,6.5
E07000176,Rushcliffe,2024-04-01,8.7
E07000177,Cherwell,2024-04-01,8.38
E07000178,Oxford,2024-04-01,11.39
E07000179,South Oxfordshire,2024-04-01,10.2
E07000180,Vale of White Horse,2024-04-01,9.31
E07000181,West Oxfordshire,2024-04-01,8.56
E07000192,Cannock Chase,2024-04-01,6.85
E07000193,East Staffordshire,2024-04-01,6.4
E07000194,Lichfield,2024-04-01,7.84
E07000195,Newcastle-under-Lyme,2024-04-01,5.23
E07000196,South Staffordshire,2024-04-01,7.27
E07000197,Stafford,2024-04-01,6.01
E07000198,Staffordshire Moorlands,2024-04-01,6.04
E07000199,Tamworth,2024-04-01,6.66
E07000200,Babergh,2024-04-01,8.97
E07000202,Ipswich,2024-04-01,6.85
E07000203,Mid Suffolk,2024-04-01,8.21
E07000207,Elmbridge,2024-04-01,12.94
E07000208,Epsom and Ewell,2024-04-01,12.2
E07000209,Guildford,2024-04-01,11.13
E07000210,Mole Valley,2024-04-01,11.96
E07000211,Reigate and Banstead,2024-04-01,10.73
E07000212,Runnymede,2024-04-01,9.9
E07000213,Spelthorne,2024-04-01,11.12
E07000214,Surrey Heath,2024-04-01,9.78
E07000215,Tandridge,2024-04-01,12.04
E07000216,Waverley,2024-04-01,10.9
E07000217,Woking,2024-04-01,9.78
E07000218,North Warwickshire,2024-04-01,6.65
E07000219,Nuneaton and Bedworth,2024-04-01,6.78
E07000220,Rugby,2024-04-01,7.39
E07000221,Stratford-on-Avon,2024-04-01,9.31
E07000222,Warwick,2024-04-01,8.5
E07000223,Adur,2024-04-01,10.09
E07000224,Arun,2024-04-01,9.35
E07000225,Chichester,2024-04-01,11.67
E07000226,Crawley,2024-04-01,8.76
E07000227,Horsham,2024-04-01,10.36
E07000228,Mid Sussex,2024-04-01,10.88
E07000229,Worthing,2024-04-01,9.49
E07000234,Bromsgrove,2024-04-01,8.57
E07000235,Malvern Hills,2024-04-01,8.18
E07000236,Redditch,2024-04-01,7.49
E07000237,Worcester,2024-04-01,7.14
E07000238,Wychavon,2024-04-01,9.65
E07000239,Wyre Forest,2024-04-01,7.2
E07000240,St Albans,2024-04-01,11.46
E07000241,Welwyn Hatfield,2024-04-01,10.23
E07000242,East Hertfordshire,2024-04-01,9.3
E07000243,Stevenage,2024-04-01,8.95
E07000244,East Suffolk,2024-04-01,8.31
E07000245,West Suffolk,2024-04-01,8.12
E08000001,Bolton,2024-04-01,5.82
E08000002,Bury,2024-04-01,6.71
E08000003,Manchester,2024-04-01,7.88
E08000004,Oldham,2024-04-01,5.89
E08000005,Rochdale,2024-04-01,5.74
E08000006,Salford,2024-04-01,6.54
E08000007,Stockport,2024-04-01,7.73
E08000008,Tameside,2024-04-01,6.24
E08000009,Trafford,2024-04-01,8.64
E08000010,Wigan,2024-04-01,5.37
E08000011,Knowsley,2024-04-01,5.54
E08000012,Liverpool,2024-04-01,4.61
E08000013,St. Helens,2024-04-01,5.22
E08000014,Sefton,2024-04-01,5.84
E08000015,Wirral,2024-04-01,5.78
E08000017,Doncaster,2024-04-01,4.86
E08000018,Rotherham,2024-04-01,5.47
E08000021,Newcastle upon Tyne,2024-04-01,5.6
E08000022,North Tyneside,2024-04-01,5.24
E08000023,South Tyneside,2024-04-01,4.78
E08000024,Sunderland,2024-04-01,4.59
E08000025,Birmingham,2024-04-01,6.77
E08000026,Coventry,2024-04-01,6.28
E08000027,Dudley,2024-04-01,6.47
E08000028,Sandwell,2024-04-01,6.42
E08000029,Solihull,2024-04-01,7.76
E08000030,Walsall,2024-04-01,6.52
E08000031,Wolverhampton,2024-04-01,6.29
E08000032,Bradford,2024-04-01,5.29
E08000033,Calderdale,2024-04-01,4.77
E08000034,Kirklees,2024-04-01,5.82
E08000035,Leeds,2024-04-01,6.58
E08000036,Wakefield,2024-04-01,5.96
E08000037,Gateshead,2024-04-01,4.9
E08000038,Barnsley,2024-04-01,4.9
E08000039,Sheffield,2024-04-01,5.73
E09000002,Barking and Dagenham,2024-04-01,9.42
E09000003,Barnet,2024-04-01,12.99
E09000004,Bexley,2024-04-01,9.43
E09000005,Brent,2024-04-01,14.31
E09000006,Bromley,2024-04-01,10.53
E09000007,Camden,2024-04-01,17.6
E09000008,Croydon,2024-04-01,9.46
E09000009,Ealing,2024-04-01,12.42
E09000010,Enfield,2024-04-01,10.71
E09000011,Greenwich,2024-04-01,10.24
E09000012,Hackney,2024-04-01,12.91
E09000013,Hammersmith and Fulham,2024-04-01,16.52
E09000014,Haringey,2024-04-01,12.62
E09000015,Harrow,2024-04-01,12.43
E09000016,Havering,2024-04-01,9.71
E09000017,Hillingdon,2024-04-01,11.5
E09000018,Hounslow,2024-04-01,12.15
E09000019,Islington,2024-04-01,14.46
E09000020,Kensington and Chelsea,2024-04-01,23.82
E09000021,Kingston upon Thames,2024-04-01,12.23
E09000022,Lambeth,2024-04-01,11.01
E09000023,Lewisham,2024-04-01,10.15
E09000024,Merton,2024-04-01,11.68
E09000025,Newham,2024-04-01,11.52
E09000026,Redbridge,2024-04-01,11.45
E09000027,Richmond upon Thames,2024-04-01,12.77
E09000028,Southwark,2024-04-01,12.81
E09000029,Sutton,2024-04-01,10.42
E09000030,Tower Hamlets,2024-04-01,10.74
E09000031,Waltham Forest,2024-04-01,11.36
E09000032,Wandsworth,2024-04-01,13.1
E09000033,Westminster,2024-04-01,19.25
W06000001,Isle of Anglesey,2024-04-01,6
W06000002,Gwynedd,2024-04-01,6.24
W06000003,Conwy,2024-04-01,6.04
W06000004,Denbighshire,2024-04-01,6.12
W06000005,Flintshire,2024-04-01,5.55
W06000006,Wrexham,2024-04-01,5.66
W06000008,Ceredigion,2024-04-01,6.77
W06000009,Pembrokeshire,2024-04-01,6.75
W06000010,Carmarthenshire,2024-04-01,5.09
W06000011,Swansea,2024-04-01,5.62
W06000012,Neath Port Talbot,2024-04-01,4.38
W06000013,Bridgend,2024-04-01,5.99
W06000014,Vale of Glamorgan,2024-04-01,7.25
W06000015,Cardiff,2024-04-01,7.16
W06000016,Rhondda Cynon Taf,2024-04-01,4.52
W06000018,Caerphilly,2024-04-01,5.64
W06000019,Blaenau Gwent,2024-04-01,3.7
W06000020,Torfaen,2024-04-01,5.7
W06000021,Monmouthshire,2024-04-01,8.44
W06000022,Newport,2024-04-01,6.27
W06000023,Powys,2024-04-01,6.84
W06000024,Merthyr Tydfil,2024-04-01,4.41